Address,City,Neighborhood,Market,Zip Code,Space type,Total Space Available,Lease Rate
"10580 Colonial Boulevard, Fort Myers, FL 33913","Fort Myers, FL",Colonial Country Club,,"
                33913
            ",Retail - Neighborhood Center," 69,475 Sqft",Contact for pricing
"135 E. Badillo St, Covina, CA 91723","Covina, CA",Covina,Eastern Los Angeles County,"
                91723
            ",Retail," 16,000 Sqft",$3 - $3.5/Sqft/Month
"94-24 Van Wyck Expressway, Queens, NY 11419","Queens, NY",Richmond Hill,,"
                11419
            ",Retail," 1,000 Sqft",Contact for pricing
"212 West 35th Street, New York, NY 10001","New York, NY",Garment District,Manhattan,"
                10001
            ",Office," 77,067 Sqft",Contact for pricing
"1245 Merritt Boulevard, Dundalk, MD 21222","Dundalk, MD",Dundalk,,"
                21222
            ",Retail - Neighborhood Center," 90,695 Sqft",Contact for pricing
"37 West 26th Street, New York, NY 10010","New York, NY",NoMad,Manhattan,"
                10010
            ",Office," 122,630 Sqft",Contact for pricing
"9200 West State Road 84, Davie, FL 33324","Davie, FL",Pine Island Ridge,,"
                33324
            ",Retail - Neighborhood Center," 155,204 Sqft",Contact for pricing
"115 W 30th St, New York, NY 10001","New York, NY",Chelsea,,"
                10001
            ",Office," 151,525 Sqft",Contact for pricing
"589 8th Avenue, New York, NY 10018","New York, NY",Garment District,Manhattan,"
                10018
            ",Office," 115,000 Sqft",Contact for pricing
"481 Main St, Waltham, MA 02452","Waltham, MA",Central Weltham,Suburban Boston,"
                02452
            ",Office," 1,100 Sqft",Contact for pricing
"8761 Piney Orchard Parkway, Odenton, MD 21113","Odenton, MD","
                21113
            ",,,Retail - Neighborhood Center," 73,218 Sqft",Contact for pricing
"303 5th Avenue, New York, NY 10016","New York, NY",NoMad,Manhattan,"
                10016
            ",Office," 160,454 Sqft",$4.33 - $52.03/Sqft/Year
"7311 Governor Ritchie Highway, Glen Burnie, MD 21061","Glen Burnie, MD","
                21061
            ",,,Retail - Neighborhood Center," 129,242 Sqft",Contact for pricing
"1637 Thames Street, Baltimore, MD 21231","Baltimore, MD",Fells Point,,"
                21231
            ",Mixed Use - Office / Retail," 104,000 Sqft",Contact for pricing
"900 Broadway, New York, NY 10003","New York, NY",Flatiron District,Manhattan,"
                10003
            ",Office - Office Building," 115,000 Sqft",Contact for pricing
"44 east 32 street, New York, NY 10016","New York, NY",NoMad,Manhattan,"
                10016
            ",Office," 83,623 Sqft",Contact for pricing
"South Highway 27, Clermont, FL","Clermont, FL",,,,Retail," 64,707 Sqft",Contact for pricing
"248 West 35th Street, New York, NY 10001","New York, NY",Garment District,Manhattan,"
                10001
            ",Office," 133,948 Sqft",$35/Sqft/Year
"147 West 35th Street, New York, NY 10001","New York, NY",Garment District,,"
                10001
            ",Office," 100,000 Sqft","$1,760 - $3,150/Month"
"946 Orleans Road, Charleston, SC 29407","Charleston, SC",Dupont Area - Orleans,,"
                29407
            ",Retail - Neighborhood Center," 136,242 Sqft",Contact for pricing
"5893 Center Rd. Valley City, Valley City, OH 44280","Valley City, OH",Liverpool,Cleveland Akron,"
                44280
            ",Industrial," 9,604 Sqft",$4/Sqft/Year
"147 West 35th Street, New York, NY 10001","New York, NY",Garment District,Manhattan,"
                10001
            ",Office - Office Building," 99,184 Sqft",Contact for pricing
"11029 West Colonial Drive, Ocoee, FL 34761","Ocoee, FL",Ocoee,,"
                34761
            ",Retail - Neighborhood Center," 126,374 Sqft",Contact for pricing
"115 West 30th Street, New York, NY 10001","New York, NY",Chelsea,Manhattan,"
                10001
            ",Office," 151,525 Sqft",$42/Sqft/Year
"45 East Broadway, New York, NY 10002","New York, NY",Two Bridges,Manhattan,"
                10002
            ",Office," 11,540 Sqft","$7,000 - $7,500/Month"
"127 West 26th Street, New York, NY 10001","New York, NY",Chelsea,Manhattan,"
                10001
            ",Office," 92,970 Sqft",$42 - $47/Sqft/Year
"333 West 39th Street, New York, NY 10018","New York, NY",Garment District,Manhattan,"
                10018
            ",Office," 105,000 Sqft",Contact for pricing
"9200 West State Road 84, Davie, FL 33324","Davie, FL",Pine Island Ridge,,"
                33324
            ",Retail - Neighborhood Center," 155,204 Sqft",Contact for pricing
"866 United Nations Plaza, New York, NY 10017","New York, NY",Turtle Bay,Manhattan,"
                10017
            ",Office," 471,000 Sqft",$70/Sqft/Year
"111 John Street, New York, NY 10038","New York, NY",Financial District,Manhattan,"
                10038
            ",Office," 298,776 Sqft",$38 - $40/Sqft/Year
"50 Harrison Street, Hoboken, NJ 07030","Hoboken, NJ",Soho West,Northern New Jersey,"
                07030
            ",Office - Office Building," 78,000 Sqft",Contact for pricing
"1407 Clarkview Road, Baltimore, MD 21209","Baltimore, MD",Towson,,"
                21209
            ",Retail - Neighborhood Center," 8,269 Sqft",Contact for pricing
"1423 1424 1425 1427 Clarkview Road, Baltimore, MD 21209","Baltimore, MD",Towson,,"
                21209
            ",Office - Office-Business Park," 225,000 Sqft",Contact for pricing
"111 Broadway, Nashville, TN 37201","Nashville, TN",SoBro,Nashville,"
                37201
            ",Mixed Use," 50,303 Sqft",Contact for pricing
"94-24 Van Wyck Expressway, Queens, NY 11419","Queens, NY",Richmond Hill,,"
                11419
            ",Retail," 1,000 Sqft",Contact for pricing
"6300 Georgetown Boulevard, Sykesville, MD 21784","Sykesville, MD",Eldersburg,,"
                21784
            ",Retail - Neighborhood Center," 129,541 Sqft",Contact for pricing
"7311 Governor Ritchie Highway, Glen Burnie, MD 21061","Glen Burnie, MD","
                21061
            ",,,Retail - Neighborhood Center," 129,242 Sqft",Contact for pricing
"32 W 28th St, New York, NY 10001","New York, NY",NoMad,Manhattan,"
                10001
            ",Office," 8,476 Sqft",$44/Sqft/Year
"153 W 27th St, New York, NY 10001","New York, NY",Chelsea,,"
                10001
            ",Office," 106,920 Sqft",$118.81/Sqft/Year
"325 West 38th Street, New York, NY 10018","New York, NY",Garment District,Manhattan,"
                10018
            ",Office," 110,188 Sqft",Contact for pricing
"129 West 27th Street, New York, NY 10001","New York, NY",Chelsea,Manhattan,"
                10001
            ",Office," 84,745 Sqft",$24 - $35/Sqft/Year
"946 Orleans Road, Charleston, SC 29407","Charleston, SC",Dupont Area - Orleans,,"
                29407
            ",Retail - Neighborhood Center," 136,242 Sqft",Contact for pricing
"213 West 35th Street, New York, NY 10001","New York, NY",Garment District,,"
                10001
            ",Office," 200,000 Sqft",$40/Sqft/Year
"1239 Broadway, New York, NY 10001","New York, NY",NoMad,Manhattan,"
                10001
            ",Office," 147,070 Sqft",$126.32/Sqft/Year
"8761 Piney Orchard Parkway, Odenton, MD 21113","Odenton, MD","
                21113
            ",,,Retail - Neighborhood Center," 73,218 Sqft",Contact for pricing
"1421 Clarkview Road, Baltimore, MD 21209","Baltimore, MD",Towson,,"
                21209
            ",Office - Office-Business Park," 55,000 Sqft",Contact for pricing
"2100 Tamiami Trail North, Naples, FL 34102","Naples, FL",Sun Terrace,,"
                34102
            ",Retail - Neighborhood Center," 64,862 Sqft",Contact for pricing
"94 9th Street, Brooklyn, NY 11215","Brooklyn, NY",Gowanus,Brooklyn,"
                11215
            ",Office," 200,000 Sqft","$850 - $5,800/Month"
"147 West 35th Street, New York, NY 10001","New York, NY",Garment District,Manhattan,"
                10001
            ",Office," 106,000 Sqft","$1,950/Month"
"740 North Collier Boulevard, Marco Island, FL 34145","Marco Island, FL","
                34145
            ",,,Retail - Specialty Center," 51,151 Sqft",Contact for pricing
"261 West 35th Street, New York, NY 10001","New York, NY",Garment District,Manhattan,"
                10001
            ",Office," 114,368 Sqft",$38/Sqft/Year
"9620 U.S. 1, Nottingham, MD 21236","Nottingham, MD",Middle River,,"
                21236
            ",Retail - Neighborhood Center," 47,382 Sqft",Contact for pricing
"600 Fifth Avenue, Naples, FL 34102","Naples, FL",Old Naples,,"
                34102
            ",Retail - Regional Center/Mall," 25,115 Sqft",Contact for pricing
"147 West 35th Street, New York, NY 10001","New York, NY",Garment District,,"
                10001
            ",Office," 100,000 Sqft","$1,760 - $3,150/Month"
"44 east 32 street, New York, NY 10016","New York, NY",NoMad,Manhattan,"
                10016
            ",Office," 83,623 Sqft",Contact for pricing
"325 West 38th Street, New York, NY 10018","New York, NY",Garment District,Manhattan,"
                10018
            ",Office," 110,188 Sqft","$1,550 - $3,100/Month"
"51-02 21st Street, Long Island City, NY 11101","Long Island City, NY",Sunnyside,Queens,"
                11101
            ",Flex Space," 136,500 Sqft","$7,500/Month"
"589 8th Avenue, New York, NY 10018","New York, NY",Garment District,Manhattan,"
                10018
            ",Office," 115,000 Sqft",Contact for pricing
"17850 Garland Groh Boulevard, Hagerstown, MD 21740","Hagerstown, MD","
                21740
            ",,,Retail," 331,833 Sqft",Contact for pricing
"1800 Blankenship Road, West Linn, OR 97068","West Linn, OR",Willamette,Portland,"
                97068
            ",Office," 1,000 Sqft",Contact for pricing
"6515 Dobbin Road, Columbia, MD 21045","Columbia, MD",Columbia,,"
                21045
            ",Retail - Neighborhood Center," 64,091 Sqft",Contact for pricing
"866 Island Park Drive, Charleston, SC 29492","Charleston, SC",Daniel Island,,"
                29492
            ",Mixed Use," 28,894 Sqft",Contact for pricing
"19 West 21st Street, New York, NY 10010","New York, NY",Flatiron District,Manhattan,"
                10010
            ",Office," 113,284 Sqft","$4,958/Month"
"221 W 37th St, New York, NY 10018","New York, NY",Garment District,,"
                10018
            ",Office," 21,180 Sqft","$9,000/Month"
"481 Main St, Waltham, MA 02452","Waltham, MA",Central Weltham,Suburban Boston,"
                02452
            ",Office," 1,100 Sqft",Contact for pricing
"135 E. Badillo St, Covina, CA 91723","Covina, CA",Covina,Eastern Los Angeles County,"
                91723
            ",Retail," 16,000 Sqft",$3 - $3.5/Sqft/Month
"10599 West Atlantic Boulevard, Coral Springs, FL 33071","Coral Springs, FL",Cypress Run,,"
                33071
            ",Retail - Neighborhood Center," 85,247 Sqft",Contact for pricing
"325 West 38th Street, New York, NY 10018","New York, NY",Garment District,Manhattan,"
                10018
            ",Office," 110,188 Sqft","$1,600/Month"
"147 West 35th Street, New York, NY 10001","New York, NY",Garment District,,"
                10001
            ",Office," 99,184 Sqft",$42 - $44/Sqft/Year
"547 West 27th Street, New York, NY 10001","New York, NY",Chelsea,Manhattan,"
                10001
            ",Mixed Use," 97,258 Sqft",$49 - $99/Sqft/Year
"8898 Waltham Woods Road, Parkville, MD 21234","Parkville, MD",Carney,,"
                21234
            ",Retail - Neighborhood Center," 339,570 Sqft",Contact for pricing
"South Highway 27, Clermont, FL","Clermont, FL",,,,Retail," 64,707 Sqft",Contact for pricing
"118 East 28th Street, New York, NY 10016","New York, NY",NoMad,Manhattan,"
                10016
            ",Office," 60,003 Sqft",$45/Sqft/Year
"NWC Canam Hwy & West Plum Creek Pkwy, Castle Rock, CO 80109","Castle Rock, CO",Citadel Station,,"
                80109
            ",Mixed Use - Office / Retail / Medical," 150,000 Sqft",Contact for pricing
"5311 Airport Pulling Road, Naples, FL 34109","Naples, FL",Pine Ridge,,"
                34109
            ",Retail - Neighborhood Center," 111,016 Sqft",Contact for pricing
"213 West 35th Street, New York, NY 10001","New York, NY",Garment District,Manhattan,"
                10001
            ",Office," 163,681 Sqft",Contact for pricing
"26575 Northline Road, Taylor, MI 48180","Taylor, MI",Taylor,Detroit,"
                48180
            ",Industrial," 47,284 Sqft",Contact for pricing
"900 Broadway, New York, NY 10003","New York, NY",Flatiron District,Manhattan,"
                10003
            ",Office - Office Building," 115,000 Sqft",Contact for pricing
"8226 212th St SW, Edmonds, WA 98026","Edmonds, WA","
                98026
            ",,Seattle,Office - Office Building," 1,219 Sqft",$26/Sqft/Year
"1637 Thames Street, Baltimore, MD 21231","Baltimore, MD",Fells Point,,"
                21231
            ",Mixed Use - Office / Retail," 104,000 Sqft",Contact for pricing
"115 W 30th St, New York, NY 10001","New York, NY",Chelsea,,"
                10001
            ",Office," 151,525 Sqft",Contact for pricing
"1500 Concord Terrace, Sunrise, FL 33323","Sunrise, FL",New Orleans Lakesites,Fort Lauderdale,"
                33323
            ",Office," 188,746 Sqft",$19.5 - $22.5/Sqft/Year
"336 West 37th Street, New York, NY 10018","New York, NY",Garment District,Manhattan,"
                10018
            ",Office," 122,817 Sqft",Contact for pricing
"248 West 35th Street, New York, NY 10001","New York, NY",Garment District,Manhattan,"
                10001
            ",Office," 133,948 Sqft",$35/Sqft/Year
"10955 Jones Bridge Road, Johns Creek, GA 30022","Johns Creek, GA",Abberley Towneship,,"
                30022
            ",Retail - Neighborhood Center," 106,396 Sqft",Contact for pricing
"8775 Centre Park Drive, Columbia, MD 21045","Columbia, MD",Columbia,,"
                21045
            ",Retail - Neighborhood Center," 88,581 Sqft",Contact for pricing
"436 W 18th St, New York, NY 10011","New York, NY","
                10011
            ",,,Mixed Use - Office / Retail," 6,100 Sqft","$3,500 - $12,500/Month"
"9401 Coastal Highway, Ocean City, MD 21842","Ocean City, MD","
                21842
            ",,,Retail - Neighborhood Center," 84,082 Sqft",Contact for pricing
"212 West 35th Street, New York, NY 10001","New York, NY",Garment District,Manhattan,"
                10001
            ",Office," 77,067 Sqft",Contact for pricing
"11146 Spring Hill Drive, Spring Hill, FL 34609","Spring Hill, FL",Spring Hill,,"
                34609
            ",Retail - Neighborhood Center," 87,250 Sqft",Contact for pricing
"10580 Colonial Boulevard, Fort Myers, FL 33913","Fort Myers, FL",Colonial Country Club,,"
                33913
            ",Retail - Neighborhood Center," 69,475 Sqft",Contact for pricing
"11 Airport Blvd, South San Francisco, CA 94080","South San Francisco, CA",Lindenville,San Francisco,"
                94080
            ",Office - Office Building," 52,327 Sqft",Contact for pricing
"333 S Beverly Dr, Beverly Hills, CA 90212","Beverly Hills, CA",Beverly Hills Heights,Los Angeles,"
                90212
            ",Office," 11,452 Sqft",$3.75 - $4.8/Sqft/Month
"47 West 47th Street, New York, NY 10036","New York, NY",Central Midtown,Manhattan,"
                10036
            ",Office," 12,247 Sqft","$2,832/Month"
"1030 Baltimore Boulevard, Westminster, MD 21157","Westminster, MD",Westminster,,"
                21157
            ",Mixed Use - Office / Retail," 77,195 Sqft",Contact for pricing
"37 West 26th Street, New York, NY 10010","New York, NY",NoMad,Manhattan,"
                10010
            ",Office," 122,630 Sqft",Contact for pricing
"550 Ritchie Highway, Severna Park, MD 21146","Severna Park, MD",Severna Park,,"
                21146
            ",Retail - Neighborhood Center," 183,380 Sqft",Contact for pricing
"1101 Southeast Tech Center Drive, Vancouver, WA 98683","Vancouver, WA",Bennington,Portland,"
                98683
            ",Mixed Use," 45,700 Sqft",Contact for pricing
"28 W 27th St, New York, NY 10001","New York, NY",NoMad,,"
                10001
            ",Office," 72,000 Sqft",Contact for pricing
"450 Ritchie Highway, Severna Park, MD 21146","Severna Park, MD",Severna Park,,"
                21146
            ",Retail - Neighborhood Center," 114,789 Sqft",Contact for pricing
"16 W 37th St 4th floor, New York, NY 10018","New York, NY",Garment District,Manhattan,"
                10018
            ",Office," 1,100 Sqft",Contact for pricing
"248 West 35th Street, New York, NY 10001","New York, NY",Garment District,Manhattan,"
                10001
            ",Office," 133,948 Sqft",$35/Sqft/Year
"129 West 27th Street, New York, NY 10001","New York, NY",Chelsea,Manhattan,"
                10001
            ",Office," 84,745 Sqft",$24 - $35/Sqft/Year
"10599 West Atlantic Boulevard, Coral Springs, FL 33071","Coral Springs, FL",Cypress Run,,"
                33071
            ",Retail - Neighborhood Center," 85,247 Sqft",Contact for pricing
"26575 Northline Road, Taylor, MI 48180","Taylor, MI",Taylor,Detroit,"
                48180
            ",Industrial," 47,284 Sqft",Contact for pricing
"61 East Padonia Road, Lutherville-Timonium, MD 21093","Lutherville-Timonium, MD",Timonium,,"
                21093
            ",Mixed Use - Office / Retail," 113,519 Sqft",Contact for pricing
"8954 Lantana Road, Lake Worth, FL 33467","Lake Worth, FL",Bellaggio,West Palm Beach Boca Raton,"
                33467
            ",Retail," 57,901 Sqft",Contact for pricing
"117 Kendrick Street, Needham, MA 02494","Needham, MA",Needham,Boston,"
                02494
            ",Office - General Office," 212,759 Sqft",Contact for pricing
"320 Needham Street, Newton Upper Falls, MA 02464","Newton Upper Falls, MA",Upper Falls,Boston,"
                02464
            ",Office - General Office," 41,083 Sqft",Contact for pricing
"20900 Hubbell Ave., Oak Park, MI 48237","Oak Park, MI",Oak Park,Detroit,"
                48237
            ",Industrial - Flex Space," 5,472 Sqft","$575,000"
"61 Greenpoint Avenue, Brooklyn, NY 11222","Brooklyn, NY",Greenpoint,Brooklyn,"
                11222
            ",Office," 113,700 Sqft",Contact for pricing
"310 Riverside Drive, New York, NY 10025","New York, NY",Upper West Side,,"
                10025
            ",Mixed Use - Office / Retail / Medical," 100,000 Sqft",$105.6/Sqft/Year
"1054 31st St NW, Washington, DC 20007","Washington, DC",Georgetown,Washington DC - Suburban Maryland,"
                20007
            ",Office - Office Building," 121,000 Sqft",$30 - $41/Sqft/Year
"100 Acorn Park Drive, Cambridge, MA 02140","Cambridge, MA",North Cambridge,Boston,"
                02140
            ",Office," 286,000 Sqft",Contact for pricing
"1298 SW Biltmore St, Fort Pierce, FL 34983","Fort Pierce, FL",River Park,Central Coast,"
                34983
            ",Industrial - Flex Space," 72,000 Sqft",Contact for pricing
"300 East Big Beaver Road, Troy, MI 48083","Troy, MI",Troy,Detroit,"
                48083
            ",Office," 153,618 Sqft",$19.95/Sqft/Year
"4211 North Cicero Avenue, Chicago, IL 60641","Chicago, IL",Old Irving Park,Chicago,"
                60641
            ",Healthcare," 39,000 Sqft",$33/Sqft/Year
"110 East 23rd Street, New York, NY 10010","New York, NY",Gramercy Park,Manhattan,"
                10010
            ",Office," 30,000 Sqft",Contact for pricing
"764 A Main Street, Waltham, MA 02451","Waltham, MA",Banks Square,,"
                02451
            ",Office," 5,580 Sqft",Contact for pricing
"922 Atlantic Avenue, Brooklyn, NY 11238","Brooklyn, NY",Prospect Heights,,"
                11238
            ",Retail," 1,300 Sqft","$5,500/Month"
"99 Derby Street, Hingham, MA 02043","Hingham, MA",Greater Hingham,Boston,"
                02043
            ",Office - General Office," 62,793 Sqft",Contact for pricing
"1100 H Street NW, Washington, DC 20005","Washington, DC",Penn Quarter,Washington DC - Suburban Maryland,"
                20005
            ",Office," 114,000 Sqft",$38 - $39/Sqft/Year
"144 Gould Street, Needham, MA 02494","Needham, MA",Needham,Boston,"
                02494
            ",Office - General Office," 45,312 Sqft",Contact for pricing
"148 E Boston Post Rd, Mamaroneck, NY 10543","Mamaroneck, NY",Mamaroneck,White Plains,"
                10543
            ",Mixed Use - Office / Retail," 2,214 Sqft",$28/Sqft/Year
"75 2nd Avenue, Needham, MA 02494","Needham, MA",Needham,Boston,"
                02494
            ",Office - General Office," 111,928 Sqft",Contact for pricing
"250 1st Avenue, Needham, MA 02494","Needham, MA",Needham,Boston,"
                02494
            ",Office - General Office," 73,176 Sqft",Contact for pricing
"537 South Broadway, Los Angeles, CA 90013","Los Angeles, CA",Downtown Los Angeles,Metro Los Angeles,"
                90013
            ",Office - Creative," 45,000 Sqft",$2.5/Sqft/Month
"106 Innovation Way, Scarborough, ME 04070","Scarborough, ME",Scarborough,Portland ME,"
                04070
            ",Flex Space," 40,000 Sqft",Contact for pricing
"633 East Fernhurst Drive, Katy, TX 77450","Katy, TX","
                77450
            ",,Houston,Office - Office Condo," 1,200 Sqft",$24.5/Month
"12302 E. 104th Avenue, Commerce City, CO 80022","Commerce City, CO",Turnberry,Denver,"
                80022
            ",Retail - Street Retail," 1,415 Sqft",Contact for pricing
"1829 Hendersonville Road, Asheville, NC 28803","Asheville, NC",Hendersonville,Asheville,"
                28803
            ",Retail," 28,500 Sqft",$22/Sqft/Year
"20112 Pierce Street, Elkhorn, NE 68022","Elkhorn, NE",Chicago,Omaha,"
                68022
            ",Retail - Strip," 8,161 Sqft",$19.5/Sqft/Year
"5920-5952 Troy Hwy, Montgomery, AL 36116","Montgomery, AL",Waller Creek,,"
                36116
            ",Industrial - Warehouse/Distribution," 20,000 Sqft",$750/Month
"136 Waxhaw Parkway, Waxhaw, NC 28173","Waxhaw, NC",The Oaks on Providence,Charlotte,"
                28173
            ",Office - Shared Space," 17,100 Sqft","$1,200/Month"
"27200-27220 W. 8 Mile Road, Southfield, MI 48033","Southfield, MI",Southfield,Detroit,"
                48033
            ",Retail," 15,000 Sqft",$12 - $14/Sqft/Year
"750 Warrenville Road, Lisle, IL 60532","Lisle, IL",Arbor Ridge,Chicago,"
                60532
            ",Office - General Office," 102,924 Sqft",$13/Sqft/Year
"221 Alabama Street, Columbus, MS 39702","Columbus, MS","
                39702
            ",,,Retail - Strip," 40,600 Sqft",Contact for pricing
"2038 West 29th Street, Cleveland, OH 44113","Cleveland, OH",Ohio City,,"
                44113
            ",Retail - Street Retail," 6,000 Sqft",Contact for pricing
"4415 Harrison Street, Hillside, IL 60162","Hillside, IL","
                60162
            ",,,Office," 191,998 Sqft",$15 - $16/Sqft/Year
"3043 Mission, San Francisco, CA 94110","San Francisco, CA",Inner Mission,San Francisco,"
                94110
            ",Office - General Office," 10,000 Sqft",$60/Sqft/Year
"57 E Market Street, Akron, OH 44308","Akron, OH",Downtown Akron,,"
                44308
            ",Office - General Office," 10,647 Sqft",$12/Sqft/Year
"4440 Merrimac Avenue, Jacksonville, FL 32210","Jacksonville, FL",Fairfax,Jacksonville,"
                32210
            ",Office - General Office," 4,904 Sqft",$16.5/Sqft/Year
"1245 - 1255 Baldwin Ave., Pontiac, MI 48341","Pontiac, MI",Pontiac,Detroit,"
                48341
            ",Retail - Strip," 20,000 Sqft",$8/Sqft/Year
"1100 Avenida Acaso, Camarillo, CA 93012","Camarillo, CA","
                93012
            ",,Los Angeles,Industrial - Manufacturing," 9,780 Sqft",$1.05/Sqft/Month
"3301 North Buffalo Drive, Las Vegas, NV 89129","Las Vegas, NV",Northshore Reflections,Las Vegas,"
                89129
            ",Office - General Office," 323,000 Sqft",$1.85/Sqft/Month
"780 Northwoods Boulevard, Dayton, OH 45377","Dayton, OH","
                45377
            ",,Dayton,Retail - Street Retail," 50,000 Sqft",Contact for pricing
"15601 Dallas Pky, Addison, TX 75001","Addison, TX",Aventura,Dallas Fort Worth,"
                75001
            ",Office," 293,787 Sqft",$23/Sqft/Year
"8777 Tallyho Rd, Houston, TX 77061","Houston, TX",Golfcrest - Bellfort - Reveille,Houston,"
                77061
            ",Industrial - Manufacturing," 48,605 Sqft",$0.3/Sqft/Month
"10110 Donald Powers Dr., Munster, IN 46321","Munster, IN","
                46321
            ",,Chicago,Office - General Office," 32,212 Sqft",$31.07/Sqft/Year
"13212 N. Saguaro Blvd, Fountain Hills, AZ 85268","Fountain Hills, AZ",Diamante del Lago,Phoenix,"
                85268
            ",Retail - Strip," 11,237 Sqft",$16/Sqft/Year
"9500 Doral Blvd, Doral, FL 33178","Doral, FL",Doral Industrial Park,Miami,"
                33178
            ",Office - General Office," 20,724 Sqft",$35 - $60/Sqft/Year
"100 Franklin Street, Boston, MA 02110","Boston, MA",Downtown - Financial District,Boston,"
                02110
            ",Office," 120,420 Sqft",$49/Sqft/Year
"3575 Piedmont Road, Atlanta, GA 30305","Atlanta, GA",North Buckhead,Atlanta,"
                30305
            ",Office," 300,000 Sqft",$25 - $35/Sqft/Year
"5501 Highway 280, Birmingham, AL 35242","Birmingham, AL",Greystone,Birmingham,"
                35242
            ",Office - General Office," 17,000 Sqft",$740/Month
"One Beacon Street, Boston, MA 02108","Boston, MA",Downtown - Financial District,Boston,"
                02108
            ",Office," 1,017,998 Sqft",Contact for pricing
"4300 W. Stan Schlueter Loop, Killeen, TX 76549","Killeen, TX","
                76549
            ",,Central East Texas,Land - Retail (land)," 67,082.4 Sqft","$301,675"
"500 E John Carpenter Fwy, Irving, TX 75062","Irving, TX",Las Colinas,Dallas Fort Worth,"
                75062
            ",Office," 239,403 Sqft",$24/Sqft/Year
"Arguello St near Brewster Ave, Redwood City, CA 94063","Redwood City, CA",Centennial,San Francisco,"
                94063
            ",Other,"Oct 25, 2021",$0.5/Sqft/Month
"19235 N Cave Creek Rd, Phoenix, AZ 85024","Phoenix, AZ",Paradise Valley Village,Phoenix,"
                85024
            ",Retail - Freestanding," 19,173 Sqft",$15/Sqft/Year
"3307-3347 Vollmer Road, Flossmoor, IL 60422","Flossmoor, IL",Flossmoor,Chicago,"
                60422
            ",Retail," 51,951 Sqft",$17/Sqft/Year
"502 S Boston Ave, Tulsa, OK 74103","Tulsa, OK",Blue Dome District,Tulsa,"
                74103
            ",Office - Creative Office," 133,959 Sqft",$17 - $18/Sqft/Year
"3660 Flat Shoals Road, Decatur, GA 30034","Decatur, GA",Rainbow Estates,Atlanta,"
                30034
            ",Office - Medical Office," 16,000 Sqft",$18/Sqft/Year
"100 SE Executive Drive, Bentonville, AR 72712","Bentonville, AR",Werts,,"
                72712
            ",Office - General Office," 6,576 Sqft",$14.5/Sqft/Year
"12579 Main Street, Martin, KY 41649","Martin, KY","
                41649
            ",,,Office - General Office," 14,400 Sqft",$15/Sqft/Year
"2701 West Glendale Ave, Phoenix, AZ 85051","Phoenix, AZ",Alhambra,Phoenix,"
                85051
            ",Retail - Street Retail," 12,155 Sqft",$13/Year
"110 Merrick Way, Miami, FL 33134","Miami, FL",Coral Gables Crafts,Miami,"
                33134
            ",Office - Office Building," 14,510 Sqft","$1,500 - $2,000/Month"
"Melody Lane & Boiling Springs Road, Spartanburg, SC 29316","Spartanburg, SC",Valley Falls,Greenville,"
                29316
            ",Other," 2,995 Sqft",Contact for pricing
"529 S. Perry St, Montgomery, AL 36104","Montgomery, AL",Downtown Montgomery,,"
                36104
            ",Office - General Office," 5,832 Sqft",Contact for pricing
"661 - 739 W Redondo Beach Blvd,, Gardena Gateway Crossroads, CA 90247","Gardena Gateway Crossroads, CA",Harbor Gateway North,Los Angeles,"
                90247
            ",Retail - Community Center," 85,000 Sqft",Contact for pricing
"1400 US-231, Troy, AL 36079","Troy, AL","
                36079
            ",,,Retail - Power Center," 8,500 Sqft",Contact for pricing
"3333 Riverwood Parkway, Atlanta, GA 30339","Atlanta, GA",Cochise,Atlanta,"
                30339
            ",Office," 104,000 Sqft",$31/Sqft/Year
"2001 South Military Highway, Chesapeake, VA 23320","Chesapeake, VA",Chesapeake Crossing,Richmond Tidewater,"
                23320
            ",Retail - Strip," 15,000 Sqft",$10/Sqft/Year
"21739 Rd E-16, Continental, OH 45831","Continental, OH",Greater Continental,,"
                45831
            ",Industrial - Manufacturing," 181,500 Sqft",$3/Sqft/Year
"1990 K Street NW, Washington, DC 20036","Washington, DC",Downtown Washington,Washington DC Suburban Maryland,"
                20036
            ",Office," 272,983 Sqft",$32 - $37/Sqft/Year
"28533 Spring Trails Ridge, Spring, TX 77386","Spring, TX","
                77386
            ",,Houston,Retail - Restaurant," 2,757 Sqft",$21/Sqft/Year
"330 Innovation Boulevard, State College, PA 16803","State College, PA",College,,"
                16803
            ",Office - General Office," 9,353 Sqft",$16/Sqft/Year
"5043 Cascade Road, SE, Grand Rapids, MI 49546","Grand Rapids, MI",Forest Hills,Grand Rapids,"
                49546
            ",Office - General Office," 7,258 Sqft",$16.95/Sqft/Year
"14400 NW 77 Court, Miami, FL 33014","Miami, FL",Miami Lakes Business Park,Miami,"
                33014
            ",Office," 50,000 Sqft",$26.5 - $28.95/Sqft/Year
"3801 S. James Street, Grimes, IA 50111","Grimes, IA",Grimes,Des Moines,"
                50111
            ",Industrial - Warehouse/Distribution," 260,000 Sqft",$4.75 - $5.25/Sqft/Year
"1518 SE 44th, Oklahoma City, OK 73129","Oklahoma City, OK",Shallow Brook,Oklahoma City,"
                73129
            ",Retail - Street Retail," 1,500 Sqft",$10/Sqft/Year
"10866 Wilshire Blvd, Westwood, CA 90024","Westwood, CA",Westwood,Los Angeles,"
                90024
            ",Office - General Office," 198,750 Sqft",Contact for pricing
"850 W Bartlett Rd, Bartlett, IL 60103","Bartlett, IL",Regency Oaks,Chicago,"
                60103
            ",Office - General Office," 3,653 Sqft",$18/Sqft/Year
"379 Grandview Ave, Waterbury, CT 06708","Waterbury, CT",Bunker Hill,Bridgeport New Haven,"
                06708
            ",Retail," 1,204 Sqft",$1.5/Sqft/Year
"1801 North Harlem Avenue, Chicago, IL 60707","Chicago, IL",Elmwood Park,Chicago,"
                60707
            ",Retail," 6,561 Sqft",$24/Sqft/Year
"1225 Campbell, Bremerton, WA 98310","Bremerton, WA",Sheridan Park,Seattle,"
                98310
            ",Office - General Office," 8,342 Sqft",$14 - $18/Sqft/Year
"100 East Main Street, Salisbury, MD 21801","Salisbury, MD","
                21801
            ",,,Office - General Office," 45,000 Sqft",$325/Month
"3110 North Central Avenue, Phoenix, AZ 85012","Phoenix, AZ",Encanto Village,Phoenix,"
                85012
            ",Office - General Office," 275,000 Sqft",$32/Sqft/Year
"4900 Ritter Road, Mechanicsburg, PA 17055","Mechanicsburg, PA",Rossmoyne,Harrisburg,"
                17055
            ",Office - General Office," 56,823 Sqft",$18.75/Sqft/Year
"1300 Strassner Drive, Saint Louis, MO 63144","Saint Louis, MO",Brentwood,St Louis,"
                63144
            ",Office - General Office," 20,125 Sqft",$12/Sqft/Year
"5701 1st Avenue South, Saint Petersburg, FL 33707","Saint Petersburg, FL",Westminster Heights,Tampa St Petersburg Clearwater,"
                33707
            ",Office - General Office," 4,050 Sqft",$16.5/Sqft/Year
"4505 E County Rd 45, A & B, Midland, TX 79705","Midland, TX",Jadan Kate,Midland Odessa,"
                79705
            ",Industrial - Warehouse/Distribution," 5,000 Sqft","$7,000/Month"
"1703 E County Rd 153, Midland, TX 79706","Midland, TX",Ridgeheights,Midland Odessa,"
                79706
            ",Industrial - Warehouse/Distribution," 7,500 Sqft","$10,500/Month"
"241 Obrien Road, Fern Park, FL 32730","Fern Park, FL",Maitland,,"
                32730
            ",Office - General Office," 8,168 Sqft",$14/Sqft/Year
"2 Bedford Farms Drive, Bedford, NH 03110","Bedford, NH",Greater Bedford,Boston,"
                03110
            ",Office," 45,623 Sqft",$9 - $11/Sqft/Year
"5020 Riverside, Irving, TX 75039","Irving, TX",Las Colinas,Dallas Fort Worth,"
                75039
            ",Office," 90,425 Sqft",$19/Sqft/Year
"5908 Columbia Ave, Hammond, IN 46320","Hammond, IN",Central Hammond,Chicago,"
                46320
            ",Office - General Office," 12,000 Sqft",$7 - $11.14/Sqft/Year
"1282 Border Ave, Corona, CA 92882","Corona, CA","
                92882
            ",,Inland Empire,Retail - Strip," 11,600 Sqft",$1.75/Sqft/Month
"315 Catoma St, Montgomery, AL 36104","Montgomery, AL",Downtown Montgomery,,"
                36104
            ",Office - General Office," 1,375 Sqft",$22.5/Month
"647 James Street, Tomball, TX 77375","Tomball, TX","
                77375
            ",,Houston,Office - General Office," 22,100 Sqft",$18/Sqft/Year
"13435 A Street, Omaha, NE 68144","Omaha, NE",Westwood Heights - Montclair,Omaha,"
                68144
            ",Office - Flex - Office," 11,400 Sqft",$7.95/Sqft/Year
"7005 Chase oaks blvd, Plano, TX 75025","Plano, TX",Legends at Chase Oaks,Dallas Fort Worth,"
                75025
            ",Office - General Office," 9,600 Sqft",$25.5/Sqft/Year
"318 South Central Expressway, Richardson, TX 75080","Richardson, TX",Richardson Heights,Dallas Fort Worth,"
                75080
            ",Retail," 17,352 Sqft",$19 - $21/Sqft/Year
"535 N Church St, West Chester, PA 19380","West Chester, PA","
                19380
            ",,Philadelphia,Office," 20,061 Sqft",$950/Month
"3201 South 34th Street, St. Petersburg, FL 33711","St. Petersburg, FL",Clam Bayou,Tampa St Petersburg Clearwater,"
                33711
            ",Office," 60,453 Sqft",$21/Sqft/Year
"1030 Commercial St, San Jose, CA 95112","San Jose, CA",North Valley,Bay Area,"
                95112
            ",Industrial - Warehouse/Distribution," 1.00/ 1,000 SF",$1.15/Sqft/Month
"31-00 47th Avenue, Long Island City, NY 11101","Long Island City, NY",Sunnyside,Queens,"
                11101
            ",Office," 673,049 Sqft",$35 - $50/Sqft/Year
"623 S Luzerne Ave, Baltimore, MD 21224","Baltimore, MD",Canton,Baltimore,"
                21224
            ",Retail - Restaurant," 2,194 Sqft","$5,000/Sqft/Year"
"310 T Elmer Cox Dr, Greeneville, TN 37743","Greeneville, TN","
                37743
            ",,,Industrial - Warehouse/Distribution," 143,500 Sqft",Contact for pricing
"1761 State Hwy 46 S, New Braunfels, TX 78130","New Braunfels, TX",New Braunfels Regional Airport,San Antonio,"
                78130
            ",Retail - Strip," 17,819 Sqft",$21/Sqft/Year
"510 Plaza Dr, College Park, GA 30349","College Park, GA",Terrell Estates,Atlanta,"
                30349
            ",Office - General Office," 48,328 Sqft",Contact for pricing
"6400 Sky Pointe Dr, Las Vegas, NV 89129","Las Vegas, NV",Elkhorn Cimarron Estates,Las Vegas,"
                89129
            ",Retail - Community Center," 4.00/ 1,000 SF",$1.95/Sqft/Month
"2720 S. Washington Ave, Lansing, MI 48910","Lansing, MI","
                48910
            ",,Detroit,Office - Medical Office," 20,050 Sqft",$20/Sqft/Year
"520 Capitol Mall, Sacramento, CA 95814","Sacramento, CA",Downtown Sacramento,Sacramento,"
                95814
            ",Office," 85,176 Sqft",$34.2 - $35.4/Sqft/Year
"4060 N. Dupont Highway, New Castle, DE 19720","New Castle, DE",Wilmington (outside the city),Philadelphia,"
                19720
            ",Industrial - Flex - Industrial," 72,000 Sqft",Contact for pricing
"3510 - 3512 Trindle Road, Camp Hill, PA 17011","Camp Hill, PA",Indian Creek,Harrisburg,"
                17011
            ",Office - General Office," 6,870 Sqft",$15.5/Sqft/Year
"2499 Livernois, Troy, MI 48083","Troy, MI","
                48083
            ",,Detroit,Retail - Street Retail," 23,869 Sqft",Contact for pricing
"114 Grand Avenue Pkwy, Pflugerville, TX 78660","Pflugerville, TX",Cambridge Heights,Austin,"
                78660
            ",Retail - Strip," 22,000 Sqft",$24 - $30/Sqft/Year
"1700 Pennsylvania Ave, Fairfield, CA 94533","Fairfield, CA","
                94533
            ",,Bay Area,Office - General Office," 10,000 Sqft",$1.75/Month
"1156 E Powell Road, Lewis Center, OH 43035","Lewis Center, OH",Lewis Center,Columbus,"
                43035
            ",Retail - Freestanding," 3,250 Sqft",$35 - $40/Sqft/Year
"202 S Route 31, Mchenry, IL 60050","McHenry, IL",McHenry,Chicago,"
                60050
            ",Retail - Freestanding," 4,900 Sqft",$12/Sqft/Year
"15 MANNING AVENUE, MIDDLETON, MA 01949","MIDDLETON, MA",Middleton,Boston,"
                01949
            ",Industrial - Flex - Industrial," 128,100 Sqft",Contact for pricing
"800-828 W Edmond Rd, Edmond, OK 73003","Edmond, OK",Edmond,Oklahoma City,"
                73003
            ",Retail," 86,427 Sqft",$10 - $18/Sqft/Year
"280 Shuman Blvd, Naperville, IL 60563","Naperville, IL",Indian Hill,Chicago,"
                60563
            ",Office - General Office," 69,077 Sqft",$19.75/Sqft/Year
"1220 Siloam Road, Greensboro, GA 30642","Greensboro, GA","
                30642
            ",,,Office - General Office," 4,929 Sqft",$11/Sqft/Year
"2361-2371 Bering Dr, San Jose, CA 95131","San Jose, CA",North San Jose,Bay Area,"
                95131
            ",Industrial," 47,060 Sqft",$25.2/Sqft/Year
"3050 S Gilbert Rd, Chandler, AZ 85286","Chandler, AZ",Circle G Riggs,Phoenix,"
                85286
            ",Retail - Street Retail," 30,133 Sqft",Contact for pricing
"4450 Buckeye Lane, Beavercreek, OH 45432","Beavercreek, OH",Beavercreek,Dayton,"
                45432
            ",Other,"Oct 25, 2021","$911 - $1,700/Month"
"405 Redcliff Drive, Redding, CA 96002","Redding, CA","
                96002
            ",,,Office - General Office," 6,240 Sqft",$1.25/Sqft/Month
"410 Amherst Street, Nashua, NH 03063","Nashua, NH",Nashua Municipal Airport,Boston,"
                03063
            ",Office," 68,255 Sqft",$18/Sqft/Year
"3805 129 F Ave. SW, Belfield, ND 58622","Belfield, ND",Belfield,,"
                58622
            ",Industrial - Flex - Industrial," 15,631 Sqft",Contact for pricing
"7 Dunnell Lane , Pawtucket, RI 02860","Pawtucket, RI",Slater Park,Providence,"
                02860
            ",Industrial - Warehouse/Distribution," 78,414 Sqft",Contact for pricing
"777 Crestwood Rd , Boulevard, CA 91905","Boulevard, CA","
                91905
            ",,San Diego,Industrial - Warehouse/Distribution," 20,000 Sqft","$12,000/Month"
"1121 L Street, Sacramento, CA 95814","Sacramento, CA",Downtown Sacramento,Sacramento,"
                95814
            ",Office," 180,123 Sqft",$80.04/Sqft/Year
"2205 S Eastwood Drive, Woodstock, IL 60098","Woodstock, IL",Woodstock,Chicago,"
                60098
            ",Industrial - Warehouse/Distribution,1992,Contact for pricing
"7617 Little River Turnpike, Annandale, VA 22031","Annandale, VA","
                22031
            ",,Washington DC Suburban Maryland,Office," 82,000 Sqft",$19.5 - $27.5/Sqft/Year
"605 W Knox Rd, Tempe, AZ 85284","Tempe, AZ",Twelve Oaks,Phoenix,"
                85284
            ",Office - General Office," 21,000 Sqft",$23.5 - $24.5/Sqft/Year
"2480-2490 Route 97, Glenwood, MD 21738","Glenwood, MD","
                21738
            ",,Baltimore,Retail - Strip," 40,000 Sqft",$18/Sqft/Year
"Saratoga Blvd, Corpus Christi, TX 78413","Corpus Christi, TX",South Side Corpus Christi,Corpus Christi,"
                78413
            ",Other, 1.69 Acre,"$175,000/Year"
"800 Tower Drive, Troy, MI 48098","Troy, MI","
                48098
            ",,Detroit,Office - General Office," 218,000 Sqft",$19.5 - $20.5/Sqft/Year
"3703 Concord Pike, Wilmington, DE 19803","Wilmington, DE",Wilmington (outside the city),Philadelphia,"
                19803
            ",Retail - Freestanding," 6,880 Sqft",$24/Sqft/Year
"1515 Oakland Blvd., Walnut Creek, CA 94596","Walnut Creek, CA",Overlook,Bay Area,"
                94596
            ",Office - General Office," 14,400 Sqft",Contact for pricing
"110 Country Day Road, Chester, MD 21619","Chester, MD","
                21619
            ",,,Retail - Freestanding," 4,000 Sqft",$17.5/Sqft/Year
"8401 Church St, Gilroy, CA 95020","Gilroy, CA","
                95020
            ",,Bay Area,Retail," 4.00/ 1,000 SF",$0.75 - $1.45/Sqft/Month
"1368 Colusa Hwy, Yuba City, CA 95993","Yuba City, CA","
                95993
            ",,,Retail - Street Retail," 5,000 Sqft",Contact for pricing
"739 S 3rd Street, Columbus, OH 43206","Columbus, OH",German Village,Columbus,"
                43206
            ",Office - General Office," 7,164 Sqft",$15.5/Sqft/Year
"304 SW 16th Street (Suite 6), Bentonville, AR 72712","Bentonville, AR",Commerce Centre - Touchstone,,"
                72712
            ",Office - General Office," 10,144 Sqft",$17/Sqft/Year
"15019-15131 Fondren Road, Houston, TX 77489","Houston, TX",Chasewood,Houston,"
                77489
            ",Industrial - Manufacturing," 53,769 Sqft",Contact for pricing
"6066 Limaburg Road, Burlington, KY 41005","Burlington, KY","
                41005
            ",,Cincinnati,Retail - Strip," 21,240 Sqft","$4,810/Month"
"2000 Esters Rd., Irving, TX 75061","Irving, TX",Townlake,Dallas Fort Worth,"
                75061
            ",Retail - Strip," 23,114 Sqft",Contact for pricing
"4105 & 4125 N Front Street, Harrisburg, PA 17110","Harrisburg, PA",Montrose Park,Harrisburg,"
                17110
            ",Retail - Freestanding," 1,998 Sqft","$3,000/Month"
"4689 US Highway 17, Fleming Island, FL 32003","Fleming Island, FL",Orange Park Acres,Jacksonville,"
                32003
            ",Retail - Strip," 31,349 Sqft",$20/Sqft/Year
"6121 NW 1st Place, Gainesville, FL 32607","Gainesville, FL",Sugarfoot,North Central Florida,"
                32607
            ",Office - Medical Office," 3,940 Sqft",$17/Sqft/Year
"1716 Court Street, Redding, CA 96001","Redding, CA","
                96001
            ",,,Office - General Office," 3,370 Sqft",$0.85 - $0.93/Sqft/Month
"2165 Brighton Henrietta Town Line Road, Rochester, NY 14623","Rochester, NY","
                14623
            ",,Rochester,Office - General Office," 59,037 Sqft",$12/Sqft/Year
"686 Cheney Hwy, Titusville, FL 32780","Titusville, FL","
                32780
            ",,,Retail - Strip," 73,248 Sqft",Contact for pricing
"301 SE Ocean Blvd, Stuart, FL 34994","Stuart, FL",Downtown Stuart,,"
                34994
            ",Office - General Office," 40,858 Sqft",$16.5/Sqft/Year
"1901 South Street, Elgin, IL 60123","Elgin, IL",College Park McIntosh,Chicago,"
                60123
            ",Office - General Office," 44,858 Sqft",$8/Sqft/Year
"1322 N Clybourn, Chicago, IL 60610","Chicago, IL",Old Town Chicago,Chicago,"
                60610
            ",Retail - Street Retail," 1,300 Sqft",$23/Sqft/Year
"3620 I-27, Lubbock, TX 79404","Lubbock, TX",Clapp Park,Lubbock,"
                79404
            ",Office - Medical Office," 4,734 Sqft","$4,000/Month"
"3131 Spring Grove Avenue, Cincinnati, OH 45225","Cincinnati, OH",Camp Washington,Cincinnati,"
                45225
            ",Industrial - Warehouse/Distribution," 147,825 Sqft",Contact for pricing
"6100 West by Northwest Boulevard, Houston, TX 77040","Houston, TX",Fairbanks - Northwest Crossing,Houston,"
                77040
            ",Industrial - Warehouse/Distribution,"Oct 25, 2021",$0.7/Sqft/Year
"7600 Leesburg Pike, Tysons Corner, VA 22043","Tysons Corner, VA",Pimmit Hills,Washington DC Suburban Maryland,"
                22043
            ",Office," 112,000 Sqft",$29/Sqft/Year
"747 Front Street, San Francisco, CA 94111","San Francisco, CA",Financial District - Barbary Coast,San Francisco,"
                94111
            ",Office," 81,800 Sqft",$77/Sqft/Year
"105 N Sandusky Street, Mount Vernon, OH 43050","Mount Vernon, OH","
                43050
            ",,,Industrial - Manufacturing," 17,260 Sqft",$4/Sqft/Year
"900 Skokie Blvd, Northbrook, IL 60062","Northbrook, IL",Northbrook,,"
                60062
            ",Office," 87,900 Sqft",$20 - $21/Sqft/Year
"1860 Blake Street, Denver, CO 80202","Denver, CO",LoDo,Denver,"
                80202
            ",Office," 104,999 Sqft",$25 - $32/Sqft/Year
"521-659 N. Murray Blvd, Colorado Springs, CO 80915","Colorado Springs, CO",Rustic Hills,Denver,"
                80915
            ",Retail," 33,837 Sqft",$10/Sqft/Year
"3451 Washtenaw, Ann Arbor, MI 48104","Ann Arbor, MI",Huron Hills,Detroit,"
                48104
            ",Retail - Freestanding," 9,200 Sqft",$16/Sqft/Year
"8515-31 Park Dr, Ralston, NE 68127","Ralston, NE",Ralston,Omaha,"
                68127
            ",Retail - Street Retail," 14,964 Sqft",$5.5/Sqft/Year
"1802 Nebraska Ave, Toledo, OH 43607","Toledo, OH",Onyx,Toledo,"
                43607
            ",Industrial - Warehouse/Distribution," 140,725 Sqft",$3/Sqft/Year
"4534 Washington Rd, Evans, GA 30809","Evans, GA",Evans,Augusta,"
                30809
            ",Retail - Strip," 27,331 Sqft","$3,850/Month"
"9321 W Thomas Road, Phoenix, AZ 85037","Phoenix, AZ",Maryvale,Phoenix,"
                85037
            ",Office - Medical Office," 60,000 Sqft",$23.5/Sqft/Year
"340 Eastdale Circle, Montgomery, AL 36117","Montgomery, AL",Eastdale,,"
                36117
            ",Retail - Street Retail," 3,796 Sqft","$1,600/Month"
"1475 Saratoga Ave, San Jose, CA 95129","San Jose, CA",West San Jose,Bay Area,"
                95129
            ",Office - General Office," 4.00/ 1,000 SF",$2.95/Sqft/Month
"1320 Texas Ave , Lubbock, TX 79401","Lubbock, TX","
                79401
            ",,Lubbock,Office - General Office," 6,500 Sqft","$1,314 - $3,500/Month"
"16431 Corporate Commerce Way, Fort Myers, FL 33913","Fort Myers, FL",Southwest Florida Airport,Southwest Florida Coast,"
                33913
            ",Retail - Strip," 11,940 Sqft",$40/Sqft/Year
"52nd Ave & Wadsworth Blvd SEC, Arvada, CO 80002","Arvada, CO",Arvada Columbine,Denver,"
                80002
            ",Retail - Street Retail," 1,350 Sqft",Contact for pricing
"1515 Avenue S, Grand Prairie, TX 75050","Grand Prairie, TX",Gables at Green Oaks,Dallas Fort Worth,"
                75050
            ",Office - General Office," 5,033 Sqft",Contact for pricing
"1720 Robins Rd, Hiawatha, IA 52233","Hiawatha, IA",Hiawatha,,"
                52233
            ",Industrial - Warehouse/Distribution," 12,000 Sqft",$5.95/Sqft/Year
"10435-10439 Ortonville Road, Clarkston, MI 48348","Clarkston, MI",Independence,Detroit,"
                48348
            ",Office - General Office," 14,400 Sqft",$6.5 - $15/Sqft/Year
"1700 Newbury Rd, Thousand Oaks, CA 91320","Thousand Oaks, CA",Newbury Park,Los Angeles,"
                91320
            ",Retail - Restaurant," 6,004 Sqft",$3.15/Sqft/Month
"5595 Kietzke Ln , Reno, NV 89511","Reno, NV",Crystal Lake,Reno,"
                89511
            ",Office - General Office,A,"$2,300 - $2,375/Month"
"957 Plum Grove Rd, Schaumburg, IL","Schaumburg, IL",Suburban Chicago,,,Office," 5,295 Sqft",$13 - $15.5/Sqft/Year
"3121 University Drive East, Bryan, TX 77802","Bryan, TX",College Station,Central East Texas,"
                77802
            ",Office - Medical Office,"Oct 25, 2021",$20/Sqft/Year
"852 Lancaster Dr SE, Salem, OR 97317","Salem, OR",Four Corners,Eugene,"
                97317
            ",Office - General Office," 9,170 Sqft",$1.5/Sqft/Month
"745 Forest Avenue, Portland, ME 04103","Portland, ME",Deering Center,Portland ME,"
                04103
            ",Office - General Office," 3,031 Sqft",$22/Sqft/Year
"124 Pearl, Ypsilanti, MI 48197","Ypsilanti, MI","
                48197
            ",,Detroit,Retail - Street Retail," 1,400 Sqft",$16/Sqft/Year
"1228 Folsom Street, San Francisco, CA 94103","San Francisco, CA",South of Market,San Francisco,"
                94103
            ",Office - General Office," 16,500 Sqft",$30/Sqft/Year
"1099 Helmo Avenue N, Oakdale, MN 55128","Oakdale, MN",Oakdale,Minneapolis St Paul,"
                55128
            ",Office - General Office," 28,727 Sqft",$16/Sqft/Year
"1095 Diffley Rd, Eagan, MN 55123","Eagan, MN","
                55123
            ",,Minneapolis St Paul,Retail," 10,632 Sqft",$17/Sqft/Year
"1710 E Indian School Road, Phoenix, AZ 85016","Phoenix, AZ",Camelback East,Phoenix,"
                85016
            ",Office," 25,567 Sqft",$14/Sqft/Year
"4 Smithfield , Pittsburgh, PA 15222","Pittsburgh, PA",Downtown Pittsburgh,Pittsburgh,"
                15222
            ",Office - General Office," 80,000 Sqft",$16.5/Sqft/Year
"1333 N. Main St. , Wheaton, IL 60187","Wheaton, IL",Hawthorne,Chicago,"
                60187
            ",Office - General Office," 5,000 Sqft","$1,250/Month"
"300 West Adams Street, Jacksonville, FL 32202","Jacksonville, FL",Northbank,Jacksonville,"
                32202
            ",Office - General Office," 34,781 Sqft",$18.5/Sqft/Year
"5908 Hillside Heights Dr, Lakeland, FL 33812","Lakeland, FL",Highland City,Tampa St Petersburg Clearwater,"
                33812
            ",Office - General Office," 1,800 Sqft",$17/Sqft/Year
"6350 Rucker Road, Indianapolis, IN 46220","Indianapolis, IN",Devonshire,Indianapolis,"
                46220
            ",Office - Shared Space," 8,368 Sqft",$16 - $18/Sqft/Year
"6055 Boat Rock Boulevard, Atlanta, GA 30336","Atlanta, GA",Westchase Glen,Atlanta,"
                30336
            ",Industrial - Warehouse/Distribution," 49,985 Sqft",$4.25/Sqft/Year
"1 SW 11th St, Lawton, OK 73501","Lawton, OK",Lawton,Oklahoma City,"
                73501
            ",Office - General Office," 51,100 Sqft",$21.5/Sqft/Year
"125 E Indiana Ave, Deland, FL 32724","Deland, FL",DeLand,North Central Florida,"
                32724
            ",Office," 6,046 Sqft",$16/Sqft/Year
"301 Lindenwood Drive, Malvern, PA 19355","Malvern, PA",Malvern,Philadelphia,"
                19355
            ",Office," 97,000 Sqft",$28/Sqft/Year
"655 Peachtree Industrial Boulevard - Building 200, Buford, GA 30518","Buford, GA",Sugar Hill,Atlanta,"
                30518
            ",Industrial - Warehouse/Distribution," 352,148 Sqft",$5.5/Sqft/Year
"211 Gibson St, Leesburg, VA 20176","Leesburg, VA",Downtown Leesburg,Washington DC Suburban Maryland,"
                20176
            ",Office - General Office," 39,050 Sqft",$26.5/Sqft/Year
"2226 Oak Grove Rd, Walnut Creek, CA 94598","Walnut Creek, CA",Woodlands,Bay Area,"
                94598
            ",Retail - Neighborhood Center," 4.90/ 1,000 SF",$3.5/Sqft/Month
"53 Wooster Street, New York, NY 10013","New York, NY",SoHo,Manhattan,"
                10013
            ",Mixed Use," 4,900 Sqft",Contact for pricing
"37 Pearl Street , Enfield, CT 06082","Enfield, CT",Thompsonville,Bridgeport New Haven,"
                06082
            ",Retail - Street Retail," 7,326 Sqft","$500 - $2,000/Month"
"85 Stewart Drive, Edgewater, MD 21037","Edgewater, MD","
                21037
            ",,Baltimore,Retail - Freestanding," 2,880 Sqft",Contact for pricing
"8765 W Kelton Lane, Bldg C-2, Peoria, AZ 85382","Peoria, AZ",Arrowhead Shores,Phoenix,"
                85382
            ",Office - General Office," 5,458 Sqft",$19 - $22/Sqft/Year
"525 N Baer St, Mcpherson, KS 67460","McPherson, KS","
                67460
            ",,,Industrial - Flex - Industrial," 5,928 Sqft","$2,800/Month"
"8100 Cameron Rd, Austin, TX 78754","Austin, TX",Heritage Hills,Austin,"
                78754
            ",Office - General Office," 40,000 Sqft",$16 - $20/Sqft/Year
"16 North Marengo Avenue, Pasadena, CA 91101","Pasadena, CA",Playhouse District,Los Angeles,"
                91101
            ",Office," 53,000 Sqft",$43.8 - $46.2/Sqft/Year
"11250 Lebanon Road, Cincinnati, OH 45241","Cincinnati, OH",Sharonville,Cincinnati,"
                45241
            ",Office - General Office," 8,416 Sqft",$18/Sqft/Year
"840 United Ave SE, Atlanta, GA 30312","Atlanta, GA",Grant Park,Atlanta,"
                30312
            ",Office - Creative Office," 2,297 Sqft",$18/Sqft/Year
"200 Carmichael Way, Chesapeake, VA 23322","Chesapeake, VA",Edinburgh,Richmond Tidewater,"
                23322
            ",Retail - Strip," 13,141 Sqft",Contact for pricing
"1411A Industrial Road, San Carlos, CA 94070","San Carlos, CA",San Carlos,San Francisco,"
                94070
            ",Industrial - Flex - Industrial," 30,000 Sqft",$2.51/Sqft/Month
"5905 S Virginia St, Reno, NV 89509","Reno, NV",Southwest Reno,Reno,"
                89509
            ",Office - General Office," 4.00/ 1,000 SF",$1.85/Sqft/Month
"580 White Plains Road, Tarrytown, NY 10591","Tarrytown, NY","
                10591
            ",,White Plains,Office," 170,050 Sqft",$28 - $31/Sqft/Year
"113 SE 22nd St , Bentonville, AR 72712","Bentonville, AR",Werts,,"
                72712
            ",Office - General Office," 2,000 Sqft",$14.75/Sqft/Year
"995 Fairmount Avenue, Jamestown, NY 14701","Jamestown, NY",Jamestown West,,"
                14701
            ",Retail - Restaurant," 2,359 Sqft",$19.5/Sqft/Year
"479 S Randall Rd, North Aurora, IL 60542","North Aurora, IL",Randall Highlands,Chicago,"
                60542
            ",Retail - Strip," 10,650 Sqft",$18/Sqft/Year
"5806 Baldwin Lane, Williston, ND 58801","Williston, ND","
                58801
            ",,,Industrial - Warehouse/Distribution," 15,000 Sqft",$16/Sqft/Year
"490 Post Street, Suite 1700, San Francisco, CA 94102","San Francisco, CA",Downtown District 8 - North East,San Francisco,"
                94102
            ",Office - Medical Office," 2,317 Sqft",$5.25/Sqft/Month
"307 E Caldwell Avenue, Visalia, CA 93277","Visalia, CA",Togni Towne Centre,Central Valley,"
                93277
            ",Office - General Office," 3,900 Sqft",$1.85/Sqft/Month
"2910 W Montrose, Chicago, IL 60618","Chicago, IL",Ravenswood Manor,Chicago,"
                60618
            ",Retail - Street Retail," 6,764 Sqft",$25/Sqft/Year
"1105 Via Verde, San Dimas, CA 91773","San Dimas, CA",San Dimas,Los Angeles,"
                91773
            ",Office," 10,696 Sqft",Contact for pricing
"1319 FM 1960 Road West, Houston, TX 77090","Houston, TX",Westfield Landing,,"
                77090
            ",Retail - Community Center," 82,807 Sqft",$15/Sqft/Year
"4617 Lake Road, Brockport, NY 14420","Brockport, NY","
                14420
            ",,Rochester,Retail - Freestanding," 5,714 Sqft",Contact for pricing
"16 Washington Street, Valparaiso, IN 46383","Valparaiso, IN","
                46383
            ",,Chicago,Retail - Street Retail," 11,511 Sqft",$15/Sqft/Year
"1545 Hicks Rd, Rolling Meadows, IL 60008","Rolling Meadows, IL","
                60008
            ",,Chicago,Office - Medical Office," 7,800 Sqft",$13.5/Sqft/Year
"7097 US-31 S, Calera, AL 35040","Calera, AL",Calera,Birmingham,"
                35040
            ",Retail - Strip," 1,800 Sqft",Contact for pricing
"5026 Broadway , Depew, NY 14043","Depew, NY","
                14043
            ",,Buffalo,Retail - Freestanding," 4,390 Sqft","$1,400/Month"
"8000-8110 South 84th Street, La Vista, NE 68046","La Vista, NE",Willow Brook,Omaha,"
                68046
            ",Retail - Strip," 224,187 Sqft",$9/Sqft/Year
"3095 Independence Dr Bldg B, Livermore, CA 94550","Livermore, CA",Livermore Airport,Bay Area,"
                94550
            ",Office - Flex - Office," 3.80/ 1,000 SF",$1.85/Sqft/Month
"7646 Touhy, Chicago, IL 60631","Chicago, IL",Edison Park,Chicago,"
                60631
            ",Retail - Street Retail," 10,000 Sqft","$3,500/Month"
"15 Pacella Park Dr, Randolph, MA 02368","Randolph, MA",Randolph,Boston,"
                02368
            ",Office - General Office," 55,035 Sqft",Contact for pricing
"804 S Douglas Rd, Coral Gables, FL 33134","Coral Gables, FL",Douglas,Miami,"
                33134
            ",Office," 70,303 Sqft",$38/Sqft/Year
"384 Inverness Parkway, Englewood, CO 80112","Englewood, CO",Inverness,Denver,"
                80112
            ",Office," 51,523 Sqft",$24/Sqft/Year
"3368 E Railroad Ave, Bamberg, SC 29003","Bamberg, SC","
                29003
            ",,,Retail - Restaurant," 3,100 Sqft",Contact for pricing
"5401-5415 Beacon Drive, Irondale, AL 35210","Irondale, AL",Crestline Holiday Gardens,Birmingham,"
                35210
            ",Retail," 228,075 Sqft",$12 - $14/Sqft/Year
"1001 N Holland Sylvania Road, Toledo, OH 43615","Toledo, OH",Reynolds Corners,Toledo,"
                43615
            ",Office - Flex - Office," 10,484 Sqft",$10/Sqft/Year
"2121 Airpark Drive, Redding, CA 96001","Redding, CA","
                96001
            ",,,Office - Medical Office," 2,354 Sqft",$1.6/Sqft/Month
"Massachusetts and 98th Ave, Merrillville, IN 46410","Merrillville, IN","
                46410
            ",,Chicago,Industrial - Flex - Industrial," 54,800 Sqft",$8 - $12/Sqft/Year
"1860 North Milwaukee Avenue, Chicago, IL 60647","Chicago, IL",Bucktown,Chicago,"
                60647
            ",Retail - Freestanding," 4,400 Sqft",Contact for pricing
"16690 Cedar Avenue, Rosemount, MN 55068","Rosemount, MN","
                55068
            ",,Minneapolis St Paul,Retail - Strip," 9,852 Sqft","$2,500/Month"
"9809 E. Orme, Wichita, KS 67207","Wichita, KS",Harrison Park,Wichita,"
                67207
            ",Other," 27,000 Sqft",$6.5/Sqft/Year
"44 South Broadway, White Plains, NY 10601","White Plains, NY",White Plains Central Business District,White Plains,"
                10601
            ",Office," 850,198 Sqft",Contact for pricing
"1951 Kidwell Drive, Tysons Corner, VA 22182","Tysons Corner, VA",Vienna (outside of town),Washington DC Suburban Maryland,"
                22182
            ",Office," 160,000 Sqft",$30/Sqft/Year
"811 Wilshire Boulevard, Los Angeles, CA 90017","Los Angeles, CA",Downtown Los Angeles,Los Angeles,"
                90017
            ",Office," 326,000 Sqft",$36 - $38.04/Sqft/Year
"2235 Polvorosa Ave Bldg. B, San Leandro, CA 94577","San Leandro, CA",Mulford Gardens,Bay Area,"
                94577
            ",Industrial - Flex - Industrial," 3.00/ 1,000 SF",$1.35/Sqft/Month
"900 Concourse Dr, Rapid City, SD 57703","Rapid City, SD",Rushmore Business Park,,"
                57703
            ",Office - General Office," 75,751 Sqft",$9.5/Sqft/Year
"4025 Tampa Road, Oldsmar, FL 34677","Oldsmar, FL","
                34677
            ",,Tampa St Petersburg Clearwater,Industrial," 58,963 Sqft",Contact for pricing
"1785 Pilgrim Mill Road, Cumming, GA 30040","Cumming, GA","
                30040
            ",,Atlanta,Retail - Street Retail," 11,360 Sqft","$3,500/Month"
"900 Biscayne Blvd, Miami, FL 33132","Miami, FL",Downtown Miami,Miami,"
                33132
            ",Office - Shared Space," 12,000 Sqft",$35/Sqft/Year
"5251 W Campbell Ave, Phoenix, AZ 85031","Phoenix, AZ",Maryvale,Phoenix,"
                85031
            ",Office - Medical Office," 19,644 Sqft",$19/Sqft/Year
"126 Salem Court, Tallahassee, FL 32301","Tallahassee, FL",Meadowbrook,Tallahassee,"
                32301
            ",Office - General Office," 5,135 Sqft",$12/Sqft/Year
"4060 Asbury Avenue, Tinton Falls, NJ 07753","Tinton Falls, NJ","
                07753
            ",,New Jersey,Retail - Strip," 22,000 Sqft",$24/Sqft/Year
"431 S. Bridge St., Visalia, CA 93277","Visalia, CA",Washington,Central Valley,"
                93277
            ",Office - Medical Office," 2,190 Sqft","$4,000/Month"
"89-95 S West End Blvd, Quakertown, PA 18951","Quakertown, PA","
                18951
            ",,Philadelphia,Retail - Strip," 17,081 Sqft",Contact for pricing
"1213 Laskin Road, Virginia Beach, VA 23451","Virginia Beach, VA",Birdneck Acres,Richmond Tidewater,"
                23451
            ",Office - General Office," 7,955 Sqft",$14/Sqft/Year
"6043 Hudson Road, Woodbury, MN 55125","Woodbury, MN",Woodbury Heights,Minneapolis St Paul,"
                55125
            ",Office - General Office," 160,500 Sqft",$15.5/Sqft/Year
"20354 Sussex Highway, Bridgeville, DE 19933","Bridgeville, DE","
                19933
            ",,,Other, 5.77 Acre,"$10,000/Month"
"3821 Juniper TRCE Unit #205 and 206, Austin, TX 78738","Austin, TX",Bee Cave,Austin,"
                78738
            ",Office - General Office," 2,463 Sqft",$28/Sqft/Year
"180 English Landing Dr., Parkville, MO 64152","Parkville, MO","
                64152
            ",,Kansas City,Retail," 18,000 Sqft",$13/Sqft/Year
"7110 W Central Ave, Toledo, OH 43617","Toledo, OH",Greater Sylvania,Toledo,"
                43617
            ",Office - General Office," 11,401 Sqft",Contact for pricing
"1210 Capital Circle SE, Tallahassee, FL 32301","Tallahassee, FL",Camelot Park,Tallahassee,"
                32301
            ",Retail - Strip," 192,000 Sqft",$14/Sqft/Year
"Bowles Ave & Wadsworth Blvd, Littleton, CO 80123","Littleton, CO",Marston,Denver,"
                80123
            ",Retail - Street Retail," 138,000 Sqft",Contact for pricing
"1449 Indianapolis Blvd, Whiting, IN 46394","Whiting, IN",Whiting,Chicago,"
                46394
            ",Retail - Restaurant," 1,890 Sqft","$3,000/Month"
"9 N West Ave, Fayetteville, AR 72701","Fayetteville, AR",Dickson Street,,"
                72701
            ",Office - Shared Space," 4,464 Sqft",$20/Sqft/Year
"102 SW 3rd St., Lawton, OK 73501","Lawton, OK",Lawton,Oklahoma City,"
                73501
            ",Office - General Office," 54,970 Sqft",$10 - $12/Sqft/Year
"3602 Inland Empire Boulevard, Ontario, CA 91764","Ontario, CA","
                91764
            ",,Inland Empire,Office," 13,400 Sqft",$27/Sqft/Year
"142 Paraclete Dr, Raeford, NC 28376","Raeford, NC","
                28376
            ",,,Office - General Office," 19,200 Sqft",$22/Sqft/Year
"4301 S Packers Avenue, Chicago, IL 60609","Chicago, IL",Back of the Yards,Chicago,"
                60609
            ",Industrial - Warehouse/Distribution," 20,055 Sqft",Contact for pricing
"150 Corporate Drive, Elgin, IL 60123","Elgin, IL",Willow Lakes Estates,Chicago,"
                60123
            ",Industrial - Warehouse/Distribution,2001,$5.95/Sqft/Year
"18310-18314 Oxnard Street, Tarzana, CA 91356","Tarzana, CA",Tarzana,Los Angeles,"
                91356
            ",Industrial - Warehouse/Distribution," 8,957 Sqft",$1.32 - $1.62/Sqft/Month
"8140 College Parkway, Fort Myers, FL 33919","Fort Myers, FL",Whiskey Creek,Southwest Florida Coast,"
                33919
            ",Office - General Office," 16,864 Sqft",$14/Sqft/Year
"800 District Ave., Burlington, MA 01803","Burlington, MA",Burlington,Boston,"
                01803
            ",Office," 218,761 Sqft",Contact for pricing
"550 Biltmore Way, Coral Gables, FL 33134","Coral Gables, FL",Biltmore,Miami,"
                33134
            ",Office," 162,293 Sqft",$45/Sqft/Year
"325 John Knox Road, Tallahassee, FL 32303","Tallahassee, FL",Wellswood - Suburban Hills,Tallahassee,"
                32303
            ",Office - General Office," 265,000 Sqft",$15.5/Sqft/Year
"403 Victorius Blvd E, Oak Ridge, TN 37830","Oak Ridge, TN",Elza,,"
                37830
            ",Office - General Office," 26,104 Sqft",$11.75/Sqft/Year
"5328 Lanier Islands Pkwy, Buford, GA 30518","Buford, GA",Friendship Corners,,"
                30518
            ",Office - General Office," 23,040 Sqft",$18 - $20/Sqft/Year
"3390 North Liberty Street, Canton, MS 39046","Canton, MS",Canton,Jackson,"
                39046
            ",Office - General Office," 10,975 Sqft",$8/Sqft/Year
"1988 E Baseline Rd Ste 101, Tempe, AZ 85283","Tempe, AZ",Shalimar,Phoenix,"
                85283
            ",Office - General Office," 3,997 Sqft",$19.95/Sqft/Year
"6639 Centurion Dr, Lansing, MI 48917","Lansing, MI",Waverly,Detroit,"
                48917
            ",Office - General Office," 15,779 Sqft",$16/Sqft/Year
"1529 E. Palmdale Blvd., Palmdale, CA 93551","Palmdale, CA","
                93551
            ",,Los Angeles,Office - Medical Office," 47,069 Sqft",Contact for pricing
"402-404 BNA Drive, Nashville, TN 37217","Nashville, TN",Nashville International Airport,Nashville,"
                37217
            ",Office," 233,759 Sqft",$18.5 - $23/Sqft/Year
"5846 W 21st St, Wichita, KS 67205","Wichita, KS",Horseshoe Lake,Wichita,"
                67205
            ",Office - General Office," 9,000 Sqft",$12/Sqft/Year
"2940-3014 Farrell Road, Houston, TX 77073","Houston, TX",Greater Greenspoint,Houston,"
                77073
            ",Industrial - Manufacturing," 64,000 Sqft",$0.63 - $0.7/Sqft/Month
"3701-3711-3721-3731 Briarpark Drive, Houston, TX 77042","Houston, TX",Westchase,Houston,"
                77042
            ",Office - General Office," 51,169 Sqft",$16/Sqft/Year
"100 Witherspoon Street, Louisville, KY 40202","Louisville, KY",Louisville Central Business District,Louisville,"
                40202
            ",Office," 275,000 Sqft",$15/Sqft/Year
"415 1st  Avenue North, Saint Petersburg, FL 33701","Saint Petersburg, FL",Downtown St. Petersburg,Tampa St Petersburg Clearwater,"
                33701
            ",Office - General Office," 140,000 Sqft",$25/Sqft/Year
"44 W Bellevue Dr., Pasadena, CA 91105","Pasadena, CA",Raymond Hill,Los Angeles,"
                91105
            ",Industrial - Flex - Industrial," 8,300 Sqft",$2.1/Sqft/Month
"111-159 W. Shaw Avenue, Clovis, CA 93612","Clovis, CA",Clovis,Central Valley,"
                93612
            ",Retail - Community Center," 107,560 Sqft",Contact for pricing
"570 E Oakton St, Des Plaines, IL 60016","Des Plaines, IL","
                60016
            ",,Chicago,Retail - Restaurant," 12,422 Sqft",$13/Sqft/Year
"1901 Brantley Road, Fort Myers, FL 33907","Fort Myers, FL",Villas,Southwest Florida Coast,"
                33907
            ",Retail - Strip," 40,000 Sqft",$12.5/Sqft/Year
"8222 East 103rd Street , Tulsa, OK 74133","Tulsa, OK",Bixby,Tulsa,"
                74133
            ",Retail - Street Retail," 59,594 Sqft",$17 - $19/Sqft/Year
"801 Corporate Center Drive, Pomona, CA 91768","Pomona, CA",Spadra,Los Angeles,"
                91768
            ",Office," 107,604 Sqft",$25.2/Sqft/Year
"8558 W 21st St, Wichita, KS 67205","Wichita, KS",Reflection Ridge,Wichita,"
                67205
            ",Office - Creative Office," 11,593 Sqft",$22/Sqft/Year
"4025 Tampa Road, Oldsmar, FL 34677","Oldsmar, FL","
                34677
            ",,Tampa St Petersburg Clearwater,Industrial," 58,963 Sqft",Contact for pricing
"33800 Groesbeck, Clinton Township, MI 48035","Clinton Township, MI",Greater Mount Clemens,Detroit,"
                48035
            ",Office - Medical Office," 50,000 Sqft",$8.85/Sqft/Year
"2625 American Ln, Elk Grove Village, IL 60007","Elk Grove Village, IL","
                60007
            ",,Chicago,Industrial - Manufacturing," 24,150 Sqft",$9.25/Sqft/Year
"2901 4th Street North, Saint Petersburg, FL 33704","Saint Petersburg, FL",Historic Old Northeast,Tampa St Petersburg Clearwater,"
                33704
            ",Retail - Street Retail," 5,000 Sqft",$28/Sqft/Year
